citrus fruit,semi-finished bread,margarine,ready soups
tropical fruit,yogurt,coffee
whole milk
pip fruit,yogurt,cream cheese ,meat spreads
other vegetables,whole milk,condensed milk,long life bakery product
whole milk,butter,yogurt,rice,abrasive cleaner
rolls/buns
other vegetables,UHT-milk,rolls/buns,bottled beer,liquor (appetizer)
pot plants
whole milk,cereals
tropical fruit,other vegetables,white bread,bottled water,chocolate
citrus fruit,tropical fruit,whole milk,butter,curd,yogurt,flour,bottled water,dishes
beef
frankfurter,rolls/buns,soda
chicken,tropical fruit
butter,sugar,fruit/vegetable juice,newspapers
fruit/vegetable juice
packaged fruit/vegetables
chocolate
specialty bar
other vegetables
butter milk,pastry
whole milk
tropical fruit,cream cheese ,processed cheese,detergent,newspapers
tropical fruit,root vegetables,other vegetables,frozen dessert,rolls/buns,flour,sweet spreads,salty snack,waffles,candy,bathroom cleaner
bottled water,canned beer
yogurt
sausage,rolls/buns,soda,chocolate
other vegetables
brown bread,soda,fruit/vegetable juice,canned beer,newspapers,shopping bags
yogurt,beverages,bottled water,specialty bar
hamburger meat,other vegetables,rolls/buns,spices,bottled water,hygiene articles,napkins
root vegetables,other vegetables,whole milk,beverages,sugar
pork,berries,other vegetables,whole milk,whipped/sour cream,artif. sweetener,soda,abrasive cleaner
beef,grapes,detergent
pastry,soda
fruit/vegetable juice
canned beer
root vegetables,other vegetables,whole milk,dessert
citrus fruit,zwieback,newspapers
sausage,rolls/buns,soda,canned beer,specialty bar,shopping bags
tropical fruit,root vegetables,whole milk,yogurt,domestic eggs,brown bread,pastry,sugar,cereals,coffee,soda,waffles,candy
berries,yogurt
canned beer
butter milk,yogurt,cream cheese ,spread cheese,rolls/buns,bottled water,soda,newspapers
coffee
pastry,bottled water
rolls/buns
misc. beverages
root vegetables,other vegetables,butter,curd,whipped/sour cream,UHT-milk,hard cheese,rolls/buns,bottled water,long life bakery product
sausage,rolls/buns,cat food,newspapers
canned beer
ham,grapes,other vegetables,whole milk
turkey,tropical fruit,other vegetables,curd,domestic eggs,brown bread,semi-finished bread,margarine,baking powder,fruit/vegetable juice
whole milk,yogurt,processed cheese,pickled vegetables,soda
whole milk,curd,yogurt,pastry
packaged fruit/vegetables,brown bread,canned beer
rolls/buns,oil,bottled water,chewing gum,chocolate marshmallow,hygiene articles,napkins
ham,beef,whipped/sour cream,ice cream,rolls/buns,cat food
rolls/buns,pastry,sugar
other vegetables,whole milk,frozen vegetables,canned fish,salty snack,seasonal products,detergent
sausage,pastry
sausage,beef,whole milk
frankfurter,tropical fruit,rolls/buns,brown bread,sugar
rolls/buns,pastry,soda
whole milk
curd cheese,coffee
red/blush wine,newspapers
sausage,whole milk,curd
tropical fruit,pip fruit,berries,whole milk,frozen potato products,rolls/buns,pickled vegetables,chocolate
red/blush wine
whole milk,butter,margarine,specialty fat,specialty chocolate,candles,flower (seeds)
frankfurter,citrus fruit,whole milk,domestic eggs,oil,sparkling wine,specialty chocolate,newspapers
whole milk,meat spreads,soda
frozen potato products
other vegetables,whole milk,rolls/buns,sugar
citrus fruit,whole milk,curd,butter milk,pastry
flour,salt,bottled water,fruit/vegetable juice,bottled beer
sugar,bottled water,soda,bottled beer
frozen meals,coffee
chocolate
root vegetables,whole milk,frozen vegetables,domestic eggs,rolls/buns,oil,margarine,canned vegetables,fruit/vegetable juice,bathroom cleaner
root vegetables,onions,hard cheese,frozen vegetables
herbs,condensed milk,frozen vegetables,salt,oil,white wine,candles
bottled water
sausage,root vegetables,onions,yogurt,rolls/buns,brandy,detergent
coffee,newspapers
pork,other vegetables,whipped/sour cream
berries,yogurt
soda
berries
fruit/vegetable juice,salty snack,candles
citrus fruit,butter milk,yogurt,cream cheese 
pork,hamburger meat,citrus fruit,berries,onions,whipped/sour cream,rice,coffee,chocolate
detergent
grapes,photo/film
sausage,sliced cheese,rolls/buns,brown bread,fruit/vegetable juice,canned beer,red/blush wine,waffles,shopping bags
chicken,hamburger meat,citrus fruit,tropical fruit,root vegetables,other vegetables,butter,pasta,oil,detergent
whole milk,yogurt,brown bread
citrus fruit,tropical fruit
soda,misc. beverages
sausage,pork,grapes,whole milk,rolls/buns,pastry,soda,specialty bar,bathroom cleaner
frankfurter,rolls/buns,bottled water
sausage,whole milk,yogurt,coffee,fruit/vegetable juice,bottled beer,softener,napkins,photo/film,shopping bags
soda
rolls/buns,fruit/vegetable juice
beef,citrus fruit,berries,root vegetables,brown bread,detergent
whole milk,whipped/sour cream,rolls/buns,soda,waffles,candy,cling film/bags
processed cheese
tropical fruit,pip fruit
frankfurter,sausage,root vegetables,other vegetables,rolls/buns,oil,pickled vegetables,bottled beer,chewing gum,dishes
packaged fruit/vegetables,bottled water
whole milk,dessert,frozen vegetables,rolls/buns,margarine,bottled water,red/blush wine,newspapers
berries,whipped/sour cream
citrus fruit,berries,UHT-milk,processed cheese
tropical fruit,whole milk,yogurt
hamburger meat,whole milk,frozen vegetables,rolls/buns,bottled beer,sparkling wine
hamburger meat,other vegetables,whole milk,frozen vegetables,domestic eggs,soda,dishes
whole milk,cream cheese ,soda
fish,other vegetables,pastry,margarine,coffee,long life bakery product,male cosmetics,shopping bags
frankfurter,sausage,long life bakery product,waffles
packaged fruit/vegetables,dessert,semi-finished bread,canned beer
pastry,soda
other vegetables,red/blush wine
misc. beverages
frankfurter,sausage,citrus fruit,tropical fruit,pip fruit,whole milk,hard cheese,cream cheese ,domestic eggs,rice,sugar,canned fruit,misc. beverages,fruit/vegetable juice,hygiene articles
sparkling wine
specialty bar
sausage,butter milk,rolls/buns
curd cheese
frankfurter,dessert
whole milk,yogurt,beverages,brown bread,shopping bags
newspapers
berries,soda
curd,flour,liquor (appetizer)
tropical fruit,other vegetables,coffee
soda
rolls/buns,Instant food products
canned beer
canned beer
frankfurter,sausage,whole milk,rolls/buns,margarine
other vegetables,misc. beverages,canned beer
whole milk,frozen vegetables
whole milk
citrus fruit,butter,cream cheese ,white bread,oil,margarine,newspapers
frankfurter,rolls/buns
frankfurter,ham,pip fruit,other vegetables,whole milk,soft cheese,frozen vegetables,rolls/buns,sugar,baking powder
butter milk,yogurt,honey,soda,detergent
hamburger meat,citrus fruit,onions,rolls/buns,bottled water,dental care
pasta,popcorn
other vegetables,whole milk,meat spreads,cake bar,chocolate,shopping bags
sausage,pork,citrus fruit,dessert,white bread,dishes,candles
rolls/buns
grapes,other vegetables,curd,dessert,yogurt,napkins
root vegetables,other vegetables,whole milk,yogurt,beverages,soft cheese,frozen vegetables,fruit/vegetable juice,bottled beer
coffee,shopping bags
popcorn
whole milk,rolls/buns,sugar,bottled water,soda
tropical fruit,other vegetables,packaged fruit/vegetables,whole milk,snack products
beef,herbs,flour,cling film/bags,flower soil/fertilizer
whole milk,butter,dessert,rolls/buns
frankfurter,soda,chewing gum
tropical fruit,specialty cheese,bottled water
canned beer
finished products,other vegetables,frozen vegetables,bottled beer
beverages,soda
hamburger meat,root vegetables,whole milk
whole milk,pastry,long life bakery product
finished products,white wine,shopping bags
other vegetables
ham,tropical fruit,other vegetables,whole milk,white bread,brown bread,fruit/vegetable juice,bottled beer
other vegetables
curd,butter milk,cocoa drinks,salty snack,popcorn
bottled beer
curd,dessert,soda,salty snack,waffles,cake bar,chocolate,shopping bags
whole milk,cream cheese ,cereals,dog food
whole milk,salt
dessert,ice cream
sausage,soft cheese,coffee
other vegetables,bottled water,waffles,dishes,shopping bags
ham,whole milk,rolls/buns
other vegetables,ice cream
other vegetables,bottled water
soda,bottled beer,white wine,prosecco
herbs,candy
frankfurter,ham,tropical fruit,pip fruit,root vegetables,other vegetables,whole milk,butter,curd,yogurt,whipped/sour cream,soft cheese,sliced cheese,cream cheese ,frozen meals,frozen fish,domestic eggs,white bread,sugar,cereals,fruit/vegetable juice,bottled beer,waffles
rolls/buns,canned beer
curd,cream cheese ,semi-finished bread,zwieback,cake bar,specialty bar,shopping bags
frankfurter,tropical fruit,whole milk,spread cheese,margarine,shopping bags
other vegetables
dog food
specialty bar
curd,salt,liquor (appetizer),detergent,shopping bags
frankfurter,rolls/buns
soda
beef,berries,root vegetables,whole milk,dessert,spread cheese,brown bread
canned beer
pork,beef,pip fruit,herbs,spices
frankfurter,citrus fruit,UHT-milk,margarine,sugar
sausage,bottled beer,liquor (appetizer)
canned beer
specialty chocolate
curd,rolls/buns
canned beer
whole milk,bottled water,newspapers
rolls/buns,chewing gum
pork,root vegetables,other vegetables,whole milk,dishes
citrus fruit,pastry
pot plants
rolls/buns,pastry,soda
butter,yogurt,bottled water,soda,make up remover,hygiene articles
condensed milk,sugar,coffee,shopping bags
sausage,other vegetables,yogurt,soda,shopping bags
whole milk,beverages,UHT-milk,soda
sausage,pork,beef,whole milk,rolls/buns,margarine
beverages
beverages,specialty bar
bottled water,fruit/vegetable juice
newspapers
cleaner,female sanitary products
sausage,soda,newspapers,shopping bags
newspapers
sausage,beef,citrus fruit,other vegetables,whole milk,butter milk,whipped/sour cream,beverages,hard cheese,rolls/buns,dish cleaner,cookware
misc. beverages,newspapers
white wine
sausage,sliced cheese,rolls/buns,soda,canned beer,shopping bags
meat,curd,bottled beer,cake bar
frankfurter,meat,tropical fruit,onions,oil,baking powder,tea,cling film/bags
ice cream,rolls/buns,canned beer
canned beer
tropical fruit,berries,root vegetables,other vegetables,bottled water,shopping bags
meat,citrus fruit,other vegetables,curd,dessert,butter milk,beverages,cream cheese ,rolls/buns,brown bread,tea,bottled water
whole milk,mustard,bottled water
sausage,beef,beverages,sliced cheese,rolls/buns,spices,house keeping products,flower (seeds)
frankfurter,sausage,root vegetables,butter,curd,sliced cheese,rolls/buns,salty snack,long life bakery product
meat,other vegetables,butter,rolls/buns
root vegetables,beverages,Instant food products,pickled vegetables,detergent
root vegetables,herbs,other vegetables,whole milk,sliced cheese,rolls/buns
whole milk,whipped/sour cream,semi-finished bread,margarine
citrus fruit,whole milk,curd,dessert,yogurt,whipped/sour cream,frozen dessert,rolls/buns,salt,sugar,cereals,canned vegetables,canned fish,skin care,hygiene articles,napkins
citrus fruit,curd,pastry,margarine,sugar,candy,newspapers
other vegetables,whole milk,bottled water,soda,misc. beverages,bottled beer,red/blush wine,napkins
citrus fruit,whole milk,rolls/buns
sausage,oil,hygiene articles,napkins
frankfurter,beef,hamburger meat,grapes,root vegetables,whole milk,butter,frozen dessert,potato products,bottled water,bottled beer
hard cheese,rolls/buns,bottled water,newspapers
cream cheese ,rolls/buns,soda,chocolate
turkey,beef,frozen vegetables,dishes,photo/film
pork,other vegetables,whipped/sour cream,rolls/buns,soda,shopping bags
whole milk,beverages
rolls/buns,soda
sausage,pip fruit,whole milk,curd,yogurt,sliced cheese,rolls/buns,bottled water,hygiene articles
ice cream
liquor
pip fruit,other vegetables,fruit/vegetable juice
root vegetables,other vegetables,yogurt
soda
soda
sausage,citrus fruit,tropical fruit,other vegetables,whole milk,yogurt,rolls/buns,bottled water,soda,chocolate,newspapers
root vegetables,whole milk,pet care,detergent
pork,berries,root vegetables,other vegetables,pastry,specialty bar
pork
chocolate
fruit/vegetable juice
pickled vegetables,coffee
bottled water
frankfurter,sausage,butter,whipped/sour cream,rolls/buns,margarine,spices
tropical fruit,pip fruit,onions,other vegetables,whole milk,domestic eggs,sugar,soups,tea,soda,hygiene articles,napkins
canned beer
root vegetables
meat,citrus fruit,berries,root vegetables,whole milk,soda
frankfurter,rolls/buns,bottled water,fruit/vegetable juice,hygiene articles
tropical fruit,margarine,rum
tropical fruit,root vegetables,herbs,whole milk,butter milk,whipped/sour cream,flour,hygiene articles
citrus fruit,pip fruit,root vegetables,other vegetables,whole milk,cream cheese ,domestic eggs,brown bread,margarine,baking powder,waffles
hamburger meat,other vegetables,whole milk,curd,yogurt,rolls/buns,pastry,semi-finished bread,margarine,bottled water,fruit/vegetable juice
chicken,pip fruit,other vegetables,whole milk,dessert,yogurt,whipped/sour cream,rolls/buns,pasta,soda,waffles
chicken,citrus fruit,tropical fruit,root vegetables,whole milk,frozen fish,rolls/buns
frankfurter,citrus fruit,onions,other vegetables,whole milk,rolls/buns,sugar,soda
canned beer
turkey,pip fruit,salad dressing,pastry
packaged fruit/vegetables,whole milk,curd,yogurt,domestic eggs,brown bread,mustard,pickled vegetables,bottled water,misc. beverages
pasta
citrus fruit,tropical fruit
sausage,whole milk,yogurt,rolls/buns,brown bread,pot plants
whole milk,frozen meals,pastry,fruit/vegetable juice,waffles
canned beer
citrus fruit,sugar,sauces
liquor (appetizer)
citrus fruit,other vegetables,rolls/buns,salty snack,shopping bags
sausage
chicken,other vegetables,whole milk,vinegar,oil,bottled water,canned beer,napkins,newspapers
hamburger meat,root vegetables,other vegetables,whole milk,yogurt,whipped/sour cream,specialty cheese,flour,margarine
sausage,pork,other vegetables,dessert,yogurt,oil,soda
beef,berries,root vegetables,whole milk,whipped/sour cream,abrasive cleaner
citrus fruit,packaged fruit/vegetables,yogurt,bottled water
UHT-milk,coffee
candy
newspapers
beef,citrus fruit,other vegetables,yogurt
sausage,rolls/buns
frankfurter,beef,root vegetables,curd,dessert,yogurt,soft cheese,rolls/buns,mustard,pickled vegetables,canned beer,hygiene articles,napkins
canned beer
bottled beer
onions,soda,chewing gum,chocolate,newspapers
tropical fruit,packaged fruit/vegetables,cream cheese ,white bread,candy
bottled water,white wine
beef,white bread,pastry,pasta,soap
sausage,chicken,tropical fruit,root vegetables,whole milk,yogurt,candy,abrasive cleaner,cleaner
hair spray
chicken,whole milk,spices,long life bakery product,shopping bags
pork,citrus fruit,brown bread,pastry,sugar,cat food
ice cream
meat,hard cheese,bottled beer
other vegetables,yogurt,brown bread,instant coffee
bottled water,cake bar
tropical fruit,soda,salty snack
photo/film
sausage,citrus fruit,yogurt,coffee,soda,canned beer,dishes
grapes,root vegetables
domestic eggs,brown bread,photo/film
rolls/buns,canned fish,canned beer
tropical fruit,whole milk
chicken
frankfurter,other vegetables,yogurt,brown bread,bottled water
berries,root vegetables,other vegetables,curd,butter milk,cream cheese ,roll products ,margarine,misc. beverages,specialty chocolate,detergent
margarine,hygiene articles
tropical fruit,yogurt,rolls/buns,soda,shopping bags
ham,other vegetables,whipped/sour cream,hard cheese,rolls/buns,soda,misc. beverages,chocolate,candy
hamburger meat,white bread,salty snack
yogurt,mayonnaise,rolls/buns,soda,napkins
soda,specialty chocolate
yogurt
soda
bottled water
sausage,meat,hamburger meat,rubbing alcohol
citrus fruit,pip fruit,beverages,hard cheese,pet care,soda,fruit/vegetable juice,waffles
shopping bags
newspapers
frankfurter,other vegetables,whole milk,curd,frozen potato products,zwieback,specialty bar,dish cleaner
sausage,citrus fruit,whole milk,canned beer
frankfurter,rolls/buns
salt,salty snack,cookware
oil
curd,beverages,cream cheese ,rolls/buns,pastry,soda,cake bar,chewing gum
other vegetables,butter,specialty chocolate
citrus fruit
frankfurter,whole milk,butter milk
root vegetables,whole milk,butter,processed cheese,mayonnaise,salty snack
tropical fruit,whole milk,frozen meals,bottled beer
beef,hamburger meat,pip fruit
berries,whipped/sour cream,cereals,waffles,shopping bags
canned beer
whipped/sour cream,canned beer,red/blush wine
root vegetables,domestic eggs,margarine,chocolate marshmallow,candy
whole milk,soda
beef
frozen vegetables
rolls/buns,bottled beer
whole milk,hygiene articles
whole milk
citrus fruit,whole milk,curd,soft cheese
pastry,fruit/vegetable juice
frankfurter,sausage,pork,pip fruit,butter,processed cheese,white bread,brown bread
tropical fruit,root vegetables,whole milk,whipped/sour cream,domestic eggs
frankfurter,sausage,root vegetables,yogurt,whipped/sour cream,pastry,napkins
berries,root vegetables,other vegetables,packaged fruit/vegetables,whole milk,curd,curd cheese,cat food,specialty bar,detergent
rolls/buns,brown bread,pastry,coffee,bottled beer
root vegetables,packaged fruit/vegetables,curd,dessert,frozen vegetables,specialty fat,coffee
yogurt
other vegetables,bottled water
berries,white bread
berries,coffee
other vegetables,butter milk,frozen meals,bottled water
rolls/buns,newspapers
ham,citrus fruit,whole milk,whipped/sour cream,rolls/buns,pastry,waffles,hygiene articles
whole milk,frozen dessert,salty snack,napkins
tropical fruit,butter milk,rolls/buns,bottled water
bottled water
butter milk,yogurt
newspapers
coffee
bottled beer,liquor
onions,butter,whipped/sour cream,hard cheese,frozen vegetables,pasta,specialty fat,syrup,candy,napkins,cling film/bags
hamburger meat,hard cheese,frozen meals,pasta,dog food,salty snack,shopping bags
sausage,liver loaf,other vegetables,cream cheese ,pastry,soap,shopping bags
hard cheese,pastry,napkins
sausage,tropical fruit,condensed milk,rolls/buns
hamburger meat
onions,whole milk,beverages,frozen dessert
coffee
shopping bags
yogurt,rolls/buns,pastry,bottled water,soda,shopping bags
soda
sliced cheese
sausage,whole milk,coffee
yogurt,chocolate
domestic eggs,rolls/buns,dish cleaner,hygiene articles
whole milk
meat,other vegetables,whole milk,whipped/sour cream
dish cleaner,bathroom cleaner,hygiene articles,napkins
other vegetables,red/blush wine
whole milk,butter milk,yogurt,sliced cheese,rolls/buns,sweet spreads,coffee,fruit/vegetable juice,long life bakery product,shopping bags
other vegetables,whole milk,rolls/buns,Instant food products
tropical fruit,other vegetables
baking powder,bottled water,salty snack,chewing gum
specialty bar
ice cream
frankfurter,yogurt
canned beer
bottled water
other vegetables,whole milk,rolls/buns,margarine,bottled water,bottled beer
citrus fruit,tropical fruit,onions,other vegetables,shopping bags
sausage,ham,hamburger meat,whole milk,soda,softener,newspapers
domestic eggs,rolls/buns,specialty bar,napkins
pork,citrus fruit,tropical fruit,root vegetables,other vegetables,curd,hygiene articles
specialty cheese,frozen vegetables,coffee,soda,fruit/vegetable juice,salty snack
pork,citrus fruit,pip fruit,yogurt,fruit/vegetable juice,sparkling wine
beef,berries,whipped/sour cream,domestic eggs,rolls/buns
other vegetables,pet care
chicken,yogurt,sliced cheese,rolls/buns,chewing gum,dishes
soda,chewing gum
whole milk
rolls/buns
bottled beer
root vegetables,pastry,bottled water,male cosmetics
pastry
berries,pet care,cake bar,shopping bags
citrus fruit,tropical fruit,root vegetables,yogurt,canned vegetables,bottled water,soda,softener
whole milk,oil,canned fruit,fruit/vegetable juice
soda,misc. beverages
bottled water,soda
tropical fruit,other vegetables,rolls/buns
salty snack
bottled water,canned beer
chocolate
citrus fruit,UHT-milk,cream cheese ,frozen vegetables
bottled water,canned beer,male cosmetics
onions,other vegetables,pastry,bottled water,soda,napkins
dessert,oil,cat food,soda
beef,other vegetables,whole milk,frozen potato products,rolls/buns,oil,margarine,coffee,dental care,hygiene articles,newspapers
rolls/buns,zwieback,bottled water,misc. beverages,bottled beer,canned beer,brandy
beef,tropical fruit,root vegetables,onions,other vegetables,instant coffee,soda
soda
coffee,hygiene articles
rolls/buns,brown bread,bottled water
pork,beef,hamburger meat,other vegetables,whole milk,frozen vegetables,rolls/buns,margarine,shopping bags
soda,canned beer,liquor (appetizer),hygiene articles,napkins,newspapers
sausage,ham,other vegetables,ice cream,white bread
beef,root vegetables,other vegetables,rolls/buns,sugar
whole milk,butter,bottled water,bottled beer
pork,ice cream,hygiene articles,house keeping products
berries,packaged fruit/vegetables,whole milk,ice cream,fruit/vegetable juice,salty snack,specialty bar
sausage,other vegetables,curd,yogurt,whipped/sour cream,frozen vegetables,rolls/buns,roll products 
bottled water,misc. beverages,cling film/bags
tropical fruit,other vegetables,packaged fruit/vegetables,whole milk,hard cheese,frozen dessert,rice,bottled water
herbs,bottled water
yogurt,rolls/buns
Instant food products
specialty chocolate
coffee
bottled beer,liquor
beef,root vegetables
whole milk,honey,waffles
frankfurter,rolls/buns,pastry,snack products,specialty bar
frankfurter,sausage,liver loaf,root vegetables,curd,frozen vegetables,rolls/buns,semi-finished bread,hygiene articles,photo/film
other vegetables,whole milk,cream cheese 
frankfurter,root vegetables,pickled vegetables,soda,seasonal products
whole milk,rolls/buns,newspapers
frankfurter,margarine,dental care
other vegetables,salty snack
bottled water,shopping bags
pork,onions,whole milk,butter,rolls/buns,pastry,rum,hygiene articles
bottled water
other vegetables,whipped/sour cream,specialty cheese,domestic eggs
hamburger meat,whole milk,curd,pasta,canned beer
hamburger meat,citrus fruit,other vegetables
shopping bags
whole milk,cream cheese ,soda,fruit/vegetable juice
ice cream
pastry,bottled water
ham,pip fruit,whole milk,curd,dessert,butter milk,whipped/sour cream,sliced cheese,cream cheese ,white bread,coffee,long life bakery product,chocolate,baby cosmetics
frankfurter,soda
sausage,turkey,beef,root vegetables,domestic eggs,rolls/buns,flour,rice,organic products,misc. beverages,napkins
bottled beer
bottled water,bottled beer,napkins
meat,other vegetables,hard cheese,frozen meals,bottled water,soda
dessert,candy
other vegetables,packaged fruit/vegetables,UHT-milk,bottled water
beverages,rolls/buns,soda
ham,mustard,canned fish
specialty bar
brown bread,soda,salty snack,shopping bags
whole milk,cream cheese ,coffee
rolls/buns,pastry,red/blush wine
bottled beer,nut snack
pet care,bottled beer
citrus fruit,other vegetables,soda
pork,other vegetables,frozen vegetables,hygiene articles
other vegetables,shopping bags
white wine,detergent
whole milk,dessert,bottled water
pip fruit,white wine,shopping bags
sugar,soda,bottled beer
tropical fruit,pip fruit,rolls/buns,coffee,fruit/vegetable juice,candy
root vegetables,cream cheese ,spread cheese,frozen dessert,white bread,bottled water,soda,misc. beverages,fruit/vegetable juice,bottled beer
soda,misc. beverages
whole milk,curd
tropical fruit,other vegetables,yogurt,bottled water,male cosmetics
white bread,brown bread
brown bread,sugar,hygiene articles
tropical fruit,root vegetables,coffee,bottled water,red/blush wine,candy,house keeping products,shopping bags
domestic eggs
coffee,detergent,hygiene articles,photo/film
soda
whole milk
bottled beer
pork,beef,berries,packaged fruit/vegetables,whole milk,mayonnaise,frozen fish,frozen potato products,oil,mustard,cat food,coffee,soda,chocolate,dish cleaner,napkins,newspapers
other vegetables,yogurt
yogurt,bottled water,dishes
sparkling wine
bottled water,candy
citrus fruit,berries,other vegetables,butter milk,sugar,fruit/vegetable juice,hygiene articles
hamburger meat,root vegetables,other vegetables,whole milk,rolls/buns
packaged fruit/vegetables,seasonal products
other vegetables,margarine
soda
whole milk,yogurt,frozen potato products,margarine,bottled water,fruit/vegetable juice,salty snack
herbs,yogurt
citrus fruit,spread cheese,rolls/buns,soda
misc. beverages
female sanitary products
soda
tropical fruit,whole milk,beverages,white bread,pasta,shopping bags
soda,female sanitary products
white bread,bottled water,soda,waffles
coffee,chewing gum,chocolate marshmallow
tropical fruit,root vegetables,whole milk,frozen vegetables,honey,baking powder,coffee,red/blush wine,chocolate marshmallow
pork,pip fruit,whole milk,butter milk
citrus fruit,bottled water
frankfurter
frankfurter,rolls/buns
frankfurter,tropical fruit,pip fruit,curd,UHT-milk,hard cheese,domestic eggs,rolls/buns,hygiene articles,napkins,shopping bags
other vegetables
yogurt,fruit/vegetable juice,newspapers
sausage,whole milk,yogurt,brown bread,cereals,bottled water,soda
whole milk
pip fruit,whole milk,curd,pastry,bottled water
whole milk
root vegetables,other vegetables
onions,fruit/vegetable juice
specialty chocolate
hamburger meat,domestic eggs
photo/film
rolls/buns,soda,snack products,newspapers
canned beer
canned beer
other vegetables,curd,frozen meals,frozen potato products,soda,bottled beer,kitchen towels,candles
canned beer
curd,whipped/sour cream,rolls/buns,zwieback,spices
butter,fruit/vegetable juice,newspapers
other vegetables,whole milk,yogurt,domestic eggs,bottled water,soda
whole milk
beef,tropical fruit,herbs,whole milk,curd,yogurt,whipped/sour cream,sliced cheese
sausage,rolls/buns
soda
fruit/vegetable juice,long life bakery product
rolls/buns,coffee,long life bakery product,detergent,shopping bags
pip fruit,whole milk,bottled water,candy
frozen vegetables,bottled beer,liquor (appetizer),chewing gum,napkins,newspapers
beverages
hamburger meat,root vegetables,other vegetables,domestic eggs,roll products ,oil,margarine,hygiene articles
root vegetables,other vegetables,whole milk,yogurt,fruit/vegetable juice,white wine
canned beer
frozen vegetables,bottled beer
canned beer
newspapers
rolls/buns
hamburger meat,UHT-milk,salty snack
pip fruit,whole milk,curd,rum
canned beer
grapes,root vegetables,frozen vegetables,domestic eggs,white wine
root vegetables,packaged fruit/vegetables,butter,whipped/sour cream,rolls/buns
citrus fruit,frozen vegetables,rolls/buns,canned beer,salty snack
cling film/bags,pot plants
frankfurter,whole milk,rolls/buns,margarine,baking powder,bottled beer
whole milk,red/blush wine
pork,tropical fruit,whole milk,curd,yogurt,hard cheese,frozen meals,frozen dessert,domestic eggs,cereals,baking powder,fruit/vegetable juice,soap
chicken,pastry
sausage,dish cleaner,dishes
specialty bar
whipped/sour cream,pastry,specialty bar
root vegetables,brown bread
rolls/buns,soda
other vegetables,bottled beer,red/blush wine
citrus fruit,tropical fruit,berries,root vegetables,other vegetables,whole milk,butter,bottled water,rubbing alcohol,hygiene articles,napkins
whole milk,processed cheese,brown bread,pastry,soda
frankfurter,sausage,tropical fruit,root vegetables,whole milk,yogurt,rolls/buns,pastry,candy
coffee,long life bakery product
ham,rolls/buns,white wine
canned beer
canned beer
canned beer
pip fruit,whole milk,canned fish
pork,pip fruit,other vegetables,whole milk,curd,white bread,sugar,bottled water,soda
soap
pip fruit,butter,frozen meals,pasta,bottled water
beef,hamburger meat,citrus fruit,whole milk,mustard,soap
sausage,meat,other vegetables,whole milk,yogurt,rolls/buns,soda,bottled beer,chocolate,newspapers
frozen chicken
soda
tropical fruit,curd,yogurt,rolls/buns,brown bread,bottled water,bottled beer,seasonal products
other vegetables
beef,citrus fruit,curd,rolls/buns,oil,margarine,specialty bar,detergent,newspapers
meat,pork,beef,citrus fruit,root vegetables,other vegetables,whole milk,pickled vegetables
meat,hamburger meat,root vegetables,packaged fruit/vegetables,whole milk,butter,newspapers
bottled water,soda,red/blush wine,long life bakery product,newspapers
rolls/buns
pastry,canned beer
pork,whole milk,pastry,sauces
pip fruit,sliced cheese,pastry,white wine,light bulbs,newspapers
beef,citrus fruit,tropical fruit,yogurt,UHT-milk,frozen vegetables,rolls/buns,bottled water,skin care
beef,citrus fruit,berries,brown bread,sugar,coffee,kitchen towels
rolls/buns,spices
citrus fruit,tropical fruit,herbs,whole milk,butter,curd,whipped/sour cream,frozen vegetables,canned vegetables,misc. beverages
meat,beef,herbs,whole milk,frozen dessert,rolls/buns,semi-finished bread,flour,oil,coffee,pot plants
beverages,pastry,bottled water
beef,citrus fruit,other vegetables,rolls/buns
ham,whole milk,white bread,margarine,hair spray
hamburger meat,whole milk,oil,ketchup,soups,Instant food products,canned fish,coffee,bottled beer,hygiene articles,newspapers
beef,citrus fruit,other vegetables,butter milk,sliced cheese,processed cheese,rolls/buns,margarine,bottled water,fruit/vegetable juice
beef,citrus fruit,whole milk,domestic eggs,rolls/buns,pastry,roll products ,tea,fruit/vegetable juice
root vegetables,whole milk,detergent
citrus fruit,tropical fruit,grapes,other vegetables,frozen vegetables,pickled vegetables,fruit/vegetable juice,liquor,rum,liquor (appetizer),candy,cling film/bags
yogurt,bottled water
tropical fruit,root vegetables,other vegetables,whipped/sour cream,brown bread,canned fish,long life bakery product
frankfurter,root vegetables,newspapers
beef,other vegetables,whole milk,brown bread,pastry,salty snack,abrasive cleaner,shopping bags
shopping bags
canned beer
rolls/buns,canned beer
other vegetables,rolls/buns,meat spreads,bottled water,soda,misc. beverages,waffles,chocolate,candy
hamburger meat,other vegetables,yogurt,rolls/buns,bottled water
hamburger meat,citrus fruit,root vegetables,rolls/buns,Instant food products,canned fish,bottled water,soda,fruit/vegetable juice,napkins
frankfurter,sausage,domestic eggs,soda,chewing gum,shopping bags
bottled beer
tropical fruit,domestic eggs,rolls/buns,pastry
soda
frankfurter,root vegetables,onions,other vegetables,white bread,canned beer
chicken,hamburger meat,herbs,whipped/sour cream,soups,soda,canned beer,dish cleaner,napkins,cling film/bags
coffee,soda
whole milk
margarine
tropical fruit,other vegetables
meat,other vegetables
cream cheese ,bottled water,canned beer
newspapers
rolls/buns,pastry,newspapers
citrus fruit,other vegetables,whole milk,curd,yogurt,potato products,fruit/vegetable juice,long life bakery product
whole milk,rolls/buns,detergent
frankfurter,citrus fruit,butter milk,UHT-milk,rolls/buns,female sanitary products,shopping bags
ham,other vegetables,butter,whipped/sour cream,sugar,soda
frankfurter,citrus fruit,bottled beer,salty snack
sausage,onions,curd,yogurt,domestic eggs,coffee
domestic eggs
whole milk,domestic eggs,rolls/buns,soda
rolls/buns,bottled beer,newspapers
whole milk,hard cheese,chocolate marshmallow
sausage,root vegetables,other vegetables,rolls/buns,soda
curd,butter milk,yogurt,beverages
bottled water
beef
frankfurter,hamburger meat,whole milk,rolls/buns,potato products,mustard,coffee,waffles,chocolate marshmallow,soap,newspapers
chicken,butter,newspapers
sausage,meat,tropical fruit,pip fruit,pastry,sugar,coffee,candles,pot plants
pork,whole milk,whipped/sour cream,beverages
yogurt,pastry,coffee
whole milk,sliced cheese,margarine,cat food,detergent,dishes,shopping bags
frankfurter,ham,whole milk,yogurt,rolls/buns,pastry,vinegar,sugar,soda,fruit/vegetable juice,napkins
beef,whole milk,brown bread,specialty chocolate,newspapers
pip fruit,other vegetables,butter milk,cream cheese ,rolls/buns
sausage,whole milk,rolls/buns,coffee,chocolate
pastry,coffee
chicken,beef,specialty chocolate
root vegetables,other vegetables,whole milk,sliced cheese,frozen vegetables,frozen fish,frozen dessert,chocolate
whole milk,frozen meals,rolls/buns
detergent
rolls/buns,canned fish
house keeping products
yogurt,salt,jam,sparkling wine,cleaner
tropical fruit,curd,sliced cheese,rolls/buns,soda
tropical fruit
curd,UHT-milk,artif. sweetener,dental care
beef,berries,onions,rolls/buns
whole milk,brown bread,pasta,margarine,bottled water,napkins,newspapers
pork,UHT-milk,bottled water,soda,canned beer
other vegetables,curd,yogurt,curd cheese,margarine,cleaner,hygiene articles
rolls/buns,soda,fruit/vegetable juice,canned beer,white wine,long life bakery product,shopping bags
frankfurter,pip fruit,whole milk,rolls/buns,roll products 
yogurt,hygiene articles,newspapers,shopping bags
whole milk,curd,sliced cheese,cat food,coffee
bottled water,candy
frankfurter,beef,butter
rolls/buns,soda,snack products,shopping bags
whole milk,pastry,bottled water,hygiene articles
rolls/buns
chicken,onions,other vegetables,whole milk,brown bread,white wine,red/blush wine
tropical fruit,onions,whole milk,butter,dishes
sausage,turkey,other vegetables,yogurt,brown bread,oil,hygiene articles,shopping bags
sausage,other vegetables,whole milk,curd,hard cheese,soda,candy,newspapers
frankfurter,citrus fruit,pastry,margarine,ready soups,instant coffee,shopping bags
UHT-milk,frozen dessert,fruit/vegetable juice,decalcifier,newspapers
rolls/buns,newspapers
canned beer
yogurt,specialty bar
whipped/sour cream,specialty bar
rolls/buns,canned beer
rolls/buns
beverages,rolls/buns
rolls/buns
rolls/buns,shopping bags
bottled beer
citrus fruit,curd,yogurt,sliced cheese,rolls/buns,oil,bottled water
bottled water,soda
pastry
domestic eggs,rolls/buns,pastry,coffee,candles
beef,pip fruit,root vegetables,rolls/buns,margarine
spread cheese,rolls/buns,bottled water,newspapers
tropical fruit,spread cheese,rolls/buns,soda
packaged fruit/vegetables,canned beer,candles
whole milk,yogurt,bottled beer,white wine,salty snack,napkins
meat,beef,other vegetables,whole milk,butter,domestic eggs,rolls/buns
onions,whole milk,bottled beer,liquor (appetizer),detergent,dishes
frankfurter,grapes,other vegetables,butter milk,UHT-milk,brown bread,margarine,organic products,bottled water,soda
beef,rolls/buns,bottled beer
beef
sausage,bottled beer,liquor (appetizer)
chicken,onions,herbs,hygiene articles
canned beer
sausage,root vegetables,other vegetables,whole milk,bottled beer,seasonal products
tropical fruit,whole milk,curd,yogurt,whipped/sour cream
frankfurter,rolls/buns,soda,abrasive cleaner,newspapers,flower (seeds)
sausage,tropical fruit,semi-finished bread
beef,tropical fruit,root vegetables,yogurt
tropical fruit,pastry,flour,rum
yogurt
frankfurter,rolls/buns,mustard
bottled beer
grapes,soda
beverages,rolls/buns
curd,bottled beer,pot plants
ice cream,sugar,flower (seeds)
sausage,rolls/buns,soda,canned beer,shopping bags
other vegetables
dessert,beverages,bottled water
decalcifier
canned beer
coffee
berries,other vegetables,whole milk,whipped/sour cream
pork,tropical fruit,rolls/buns,semi-finished bread,bottled beer,newspapers
frankfurter,chicken,pork,citrus fruit,other vegetables,whole milk,butter milk,whipped/sour cream,cream cheese ,frozen dessert,domestic eggs,rolls/buns,sugar,baking powder
pork,beef,whole milk,domestic eggs,bottled water,bottled beer,hygiene articles
frankfurter,pork,citrus fruit,root vegetables,onions,other vegetables,packaged fruit/vegetables,cat food,bottled water
frozen dessert,brandy
chicken,other vegetables,packaged fruit/vegetables,condensed milk,frozen vegetables,fruit/vegetable juice
vinegar,oil
rolls/buns,soda,specialty bar
whole milk
pork,root vegetables,whole milk,whipped/sour cream
rolls/buns,newspapers
grapes,other vegetables,zwieback,Instant food products,dishes
frankfurter,citrus fruit,whipped/sour cream,cream cheese ,rolls/buns,baking powder,seasonal products,napkins
finished products,root vegetables,packaged fruit/vegetables,yogurt,specialty cheese,frozen vegetables,ice cream,soda,bottled beer
onions,other vegetables,flour
tropical fruit,whole milk,rolls/buns
other vegetables,cream cheese ,tea,chocolate,chocolate marshmallow
ham,turkey,beef,other vegetables,whole milk,pot plants
other vegetables,whole milk,margarine,bottled beer
curd
sausage,beef,other vegetables
canned beer,liquor (appetizer),chewing gum
ham,chicken,citrus fruit,berries,onions,whole milk,curd,yogurt,frozen vegetables,rolls/buns,margarine,soda,liquor (appetizer),cake bar,candy,seasonal products,skin care
packaged fruit/vegetables,whole milk,dessert,yogurt,UHT-milk,margarine,bottled water,long life bakery product
meat,rolls/buns,soda,specialty bar
whole milk,dessert
canned beer
chicken,UHT-milk,rolls/buns,coffee,long life bakery product,house keeping products
rolls/buns,red/blush wine,newspapers
pet care,bottled water
root vegetables,other vegetables,soda,shopping bags
pastry
frankfurter,hamburger meat,whole milk,domestic eggs,rolls/buns,brown bread,margarine,bottled water,flower (seeds)
chicken,grapes,whole milk,whipped/sour cream,mayonnaise
frozen dessert,semi-finished bread
citrus fruit,tropical fruit,grapes,yogurt,rolls/buns,margarine,canned fruit,bottled water,soda,misc. beverages,candy,female sanitary products,shopping bags
sausage,pork,beef,berries,root vegetables,whole milk,butter,rolls/buns,cat food,bottled water,newspapers
root vegetables,onions,other vegetables,packaged fruit/vegetables,whole milk,whipped/sour cream,frozen vegetables,rolls/buns,pasta,soups,baking powder,soda,detergent
root vegetables,whole milk,yogurt,rolls/buns
bottled beer
frankfurter,canned beer
root vegetables,whole milk,butter,coffee
berries,other vegetables,whipped/sour cream,UHT-milk,bottled water,soda,hygiene articles,newspapers
hamburger meat
tropical fruit,whole milk,rolls/buns,semi-finished bread,margarine,fruit/vegetable juice,long life bakery product,newspapers
frankfurter,pork,beverages,frozen meals,waffles
frankfurter,sausage,frozen fish,margarine,specialty bar
soda,newspapers
ice cream
beef,whole milk,frozen vegetables,brown bread,pastry,coffee
whole milk,pastry,bottled water,newspapers,photo/film
pork,fish,whole milk,butter,curd,yogurt,whipped/sour cream,flour,sugar
whole milk,chewing gum
bottled beer
pork,grapes,UHT-milk,brown bread,margarine
root vegetables,pot plants
canned beer
citrus fruit,root vegetables,whole milk,butter,whipped/sour cream,oil,mustard,bottled water,bottled beer
pip fruit,herbs,other vegetables,whole milk,coffee,female sanitary products,hygiene articles,shopping bags
root vegetables,dessert,yogurt,cream cheese ,rice
tropical fruit,curd,rolls/buns,organic products,newspapers
beef,root vegetables,other vegetables,whole milk,butter,soft cheese,hard cheese,domestic eggs,pasta,coffee,candles
chicken,pork,whole milk,butter,white bread
citrus fruit,grapes,whole milk,rolls/buns,pastry,oil,margarine,candles,newspapers
meat,beef,tropical fruit,pip fruit,other vegetables,whipped/sour cream,soft cheese,frozen meals,margarine,coffee,fruit/vegetable juice,pot plants
cream cheese ,spread cheese,rolls/buns
citrus fruit,herbs,whole milk,bottled water,bottled beer,pot plants
specialty bar
meat,other vegetables,whole milk,beverages,rolls/buns,margarine,chocolate,napkins,newspapers
citrus fruit,tropical fruit,pip fruit
frankfurter,beef,tropical fruit,root vegetables,packaged fruit/vegetables,whole milk,frozen vegetables
citrus fruit,whole milk
turkey,root vegetables,other vegetables,curd,bottled beer,specialty chocolate
citrus fruit,onions,whole milk,curd,yogurt,rolls/buns,pasta,mustard,dog food,canned beer
sausage,domestic eggs
newspapers
whole milk,yogurt
yogurt
yogurt
bottled water
berries,whole milk,whipped/sour cream,domestic eggs
packaged fruit/vegetables,whole milk,rolls/buns,pastry
frankfurter,soda
nuts/prunes,whole milk,semi-finished bread,jam,soda,pot plants,shopping bags
citrus fruit,other vegetables,packaged fruit/vegetables,whole milk,butter,whipped/sour cream,flour,sugar,coffee,soda,sparkling wine,dishes
beef,citrus fruit,root vegetables,onions,curd,hard cheese,rolls/buns,fruit/vegetable juice
whole milk,yogurt,frozen vegetables,coffee,canned beer,napkins
other vegetables,whipped/sour cream
beef,other vegetables
fish,berries,other vegetables,whole milk,dessert,yogurt,spread cheese,coffee,white wine,red/blush wine
other vegetables,whole milk,curd,frozen vegetables,domestic eggs,sugar,instant coffee,newspapers
tropical fruit,berries,root vegetables,whole milk,butter,yogurt,whipped/sour cream,sliced cheese,hard cheese,specialty chocolate,napkins
coffee
sausage,pork,other vegetables,frozen fish,rolls/buns,semi-finished bread,artif. sweetener,ready soups,bottled water,hygiene articles,newspapers
meat,root vegetables,whipped/sour cream,beverages,cream cheese ,waffles,dishes
chicken,tropical fruit,pip fruit,root vegetables,other vegetables,packaged fruit/vegetables,butter,rolls/buns,margarine,sugar,rum,long life bakery product,abrasive cleaner
berries,whole milk,whipped/sour cream,margarine,organic products,fruit/vegetable juice,shopping bags
frozen meals,misc. beverages
whipped/sour cream
beef,root vegetables,bottled beer,chocolate,shopping bags
chicken,pork,other vegetables,whole milk,whipped/sour cream,UHT-milk,domestic eggs,rolls/buns,bottled water,soda,fruit/vegetable juice,bottled beer
chicken,pork,hamburger meat,pip fruit,nuts/prunes,root vegetables,other vegetables,whole milk,spread cheese,frozen potato products,brown bread,Instant food products,soda,fruit/vegetable juice,shopping bags
beef,tropical fruit,root vegetables,herbs,other vegetables,whole milk,yogurt,hard cheese,rolls/buns,brown bread,bottled water,bottled beer,salty snack,shopping bags
packaged fruit/vegetables,pickled vegetables
sugar
frankfurter,sausage,beef,root vegetables,packaged fruit/vegetables,whole milk,dessert,yogurt,sliced cheese,ice cream,rolls/buns,soda
berries,frozen vegetables,pet care,instant coffee
bottled water,soda,chewing gum,napkins
sausage,chicken,citrus fruit,berries,root vegetables,curd,beverages,abrasive cleaner
whole milk,UHT-milk,domestic eggs,soda,fruit/vegetable juice,dishes,newspapers
ice cream,rolls/buns
frankfurter,citrus fruit,tropical fruit,rolls/buns
root vegetables,whole milk,white bread,brown bread,sweet spreads,dog food,brandy,shopping bags
sausage,rolls/buns,specialty chocolate
sausage,ham,citrus fruit,tropical fruit,berries,packaged fruit/vegetables,whole milk,whipped/sour cream,sliced cheese,pastry,sugar,baking powder
beef,root vegetables,whole milk,cream cheese 
fruit/vegetable juice
sugar,hygiene articles
berries,whipped/sour cream
yogurt,beverages,coffee
pork,beef
bottled beer,shopping bags
curd,butter milk,yogurt,sliced cheese,coffee
beef,Instant food products,canned beer
pork,berries,whipped/sour cream,beverages,flour,oil,soda,chocolate,newspapers
white bread
grapes,whole milk,processed cheese,rolls/buns,white bread,fruit/vegetable juice
potato products,flower (seeds)
root vegetables,onions,yogurt,rolls/buns,coffee,bottled water,dishes
chicken,hamburger meat,UHT-milk,soda,canned beer,bathroom cleaner,newspapers
chicken,other vegetables,salt
fish,cream cheese ,coffee
canned beer
other vegetables,whole milk,frozen meals,rolls/buns,brown bread,napkins
chicken,pork,whole milk,frozen vegetables,brown bread,vinegar,bottled beer,red/blush wine,newspapers
other vegetables,misc. beverages
tropical fruit,whole milk
whole milk,cake bar,newspapers
beef,hamburger meat,berries,pastry,hygiene articles
sausage,grapes,rolls/buns,soda,salty snack
whole milk,rolls/buns,chocolate
rolls/buns,soda
citrus fruit,tropical fruit,pip fruit,other vegetables
whole milk,sliced cheese,domestic eggs,artif. sweetener,bottled water,soda,shopping bags
pastry,soda,bottled beer
tropical fruit,other vegetables,whole milk,yogurt,soft cheese,hard cheese,spread cheese,curd cheese,frozen vegetables,ice cream,pastry,coffee,fruit/vegetable juice,hygiene articles
sliced cheese,pastry,newspapers
soda
ham,citrus fruit,whole milk,dessert,frozen meals,coffee,popcorn,shopping bags
salty snack
whole milk,curd,cream cheese ,flour,coffee,bottled water,misc. beverages,newspapers
root vegetables,whipped/sour cream
soda,canned beer,shopping bags
curd,roll products ,margarine,bottled water,canned beer,white wine,dish cleaner
bottled water,soda,fruit/vegetable juice,bottled beer,napkins
packaged fruit/vegetables,pot plants
tropical fruit,root vegetables,frozen vegetables,ice cream,bottled water,cling film/bags
ham,beef,grapes,yogurt,whipped/sour cream,domestic eggs,white bread,pastry,bottled water,fruit/vegetable juice,white wine,salty snack,chocolate,newspapers,shopping bags
pork,citrus fruit,UHT-milk,brown bread,soda,bottled beer,canned beer,long life bakery product
beverages,rolls/buns,soda,misc. beverages,liqueur,cake bar
sausage,rolls/buns,soda
sausage,citrus fruit,whole milk,yogurt,rolls/buns,bottled water,soda,napkins
root vegetables,whole milk,butter,yogurt,cream cheese ,frozen fish,shopping bags
whole milk,cream cheese 
frankfurter,turkey,root vegetables,other vegetables,yogurt,rolls/buns,pastry,ready soups
soda,shopping bags
soda,bottled beer
frankfurter,popcorn
berries,whole milk,whipped/sour cream,pickled vegetables,detergent,newspapers
canned beer
frankfurter,pork,white bread,canned vegetables,soda
frankfurter,hamburger meat,whole milk,butter,curd,flour,rice,oil,sugar,mustard,salty snack,chocolate,chocolate marshmallow,dish cleaner,dental care
berries,root vegetables,whole milk,beverages,sugar,soups,coffee,shopping bags
frankfurter,rolls/buns
newspapers
frozen fish,newspapers
tropical fruit,newspapers
beef,grapes,berries,whole milk,yogurt,rolls/buns,newspapers,pot plants
rolls/buns,coffee,instant coffee,salty snack,specialty chocolate
specialty chocolate,pot plants
sparkling wine,dish cleaner
citrus fruit,napkins,shopping bags
onions,herbs,bottled beer
whole milk,pastry,detergent,candles
photo/film
hamburger meat
other vegetables,whole milk,white bread,chewing gum
whole milk,rolls/buns,shopping bags
pork,tropical fruit,grapes,hard cheese,soda,napkins,shopping bags
tropical fruit,grapes,berries,other vegetables,whole milk,butter,dessert,yogurt,whipped/sour cream,ice cream,pastry,salt,baking powder,bottled water,misc. beverages,fruit/vegetable juice,canned beer,specialty chocolate,pot plants
chicken,pork,citrus fruit,other vegetables,whipped/sour cream,white bread,chewing gum,pot plants
other vegetables,chewing gum
sausage,bottled water,red/blush wine
whole milk,whipped/sour cream,baking powder
rolls/buns,coffee
hygiene articles
ice cream,newspapers
curd,whipped/sour cream,domestic eggs,flour,misc. beverages,newspapers
whole milk,frozen meals,newspapers
onions,whole milk,dessert,domestic eggs,rolls/buns,white bread,coffee,bottled water
finished products,organic sausage,sliced cheese,white bread,fruit/vegetable juice
salt,dog food,long life bakery product
tropical fruit,root vegetables,other vegetables,domestic eggs,white bread,brown bread,canned vegetables,soda,fruit/vegetable juice,rum
other vegetables,whole milk,yogurt
chocolate
ice cream
tropical fruit,oil,cat food
frankfurter,citrus fruit,whole milk,yogurt,sliced cheese,specialty cheese,pastry,fruit/vegetable juice
butter,pasta,canned fish,softener,flower (seeds)
other vegetables,butter milk,frozen fish,salty snack
tropical fruit,pastry,canned beer,chocolate
citrus fruit,root vegetables,packaged fruit/vegetables,yogurt,sliced cheese,rolls/buns,white bread,brown bread,zwieback
UHT-milk,salt,soda,specialty chocolate,shopping bags
beef
curd,yogurt,spread cheese,sugar,canned vegetables
citrus fruit,other vegetables,whole milk,dessert,yogurt,frozen vegetables,fruit/vegetable juice,bottled beer,salty snack
yogurt,brown bread,bottled beer,white wine
bottled beer,liquor,red/blush wine
grapes
pork,other vegetables,soda
sausage,citrus fruit,berries,other vegetables,whole milk,yogurt,whipped/sour cream,cream cheese ,frozen vegetables,domestic eggs,pastry,margarine,soups,canned fish,chocolate,candy,napkins
frankfurter,chicken,pork,tropical fruit,root vegetables,other vegetables,yogurt,UHT-milk,mayonnaise,brown bread,pastry,flour,mustard,coffee,cocoa drinks,fruit/vegetable juice,salty snack,long life bakery product,chocolate,seasonal products
artif. sweetener,soda,photo/film
frankfurter,onions,butter,processed cheese,rolls/buns,coffee,bottled beer
pip fruit,root vegetables,dessert,yogurt,domestic eggs,shopping bags
frankfurter,whole milk,coffee,detergent
whole milk,newspapers
domestic eggs,hygiene articles,photo/film,flower soil/fertilizer
packaged fruit/vegetables,dessert,mayonnaise,oil,soda,waffles,chocolate,flower (seeds),shopping bags
chicken,other vegetables,whipped/sour cream,frozen vegetables,bottled water,long life bakery product
pork,whole milk,curd,yogurt,whipped/sour cream,cream cheese ,domestic eggs,white bread,sugar,baking powder,coffee,cocoa drinks,salty snack,waffles,candy,napkins
citrus fruit,other vegetables,whole milk,curd,yogurt,whipped/sour cream,cream cheese ,pastry,vinegar,oil,coffee,long life bakery product,detergent,cleaner,napkins,newspapers
light bulbs
cream cheese ,margarine,tea
sausage,curd,frozen meals,domestic eggs,cake bar,seasonal products,detergent,cleaner,house keeping products,pot plants,shopping bags
citrus fruit,onions
other vegetables,whipped/sour cream,roll products 
chicken,tropical fruit,pip fruit,root vegetables,other vegetables,whole milk,butter,yogurt,whipped/sour cream,hard cheese,frozen vegetables,frozen fish,domestic eggs,white bread,rice,specialty fat,dog food,bottled water,fruit/vegetable juice,long life bakery product,softener,napkins,cling film/bags
ice cream
pork,beef,ice cream,rolls/buns,newspapers
pork,tropical fruit,other vegetables,yogurt,semi-finished bread,flour,margarine,artif. sweetener,organic products,chocolate marshmallow
onions,domestic eggs,soda,hygiene articles
tropical fruit,pip fruit,grapes,root vegetables,herbs,yogurt,baking powder,seasonal products,pot plants,shopping bags
whipped/sour cream,cream cheese ,bottled water,canned beer,shopping bags
berries,root vegetables,other vegetables,butter,hard cheese,domestic eggs,rolls/buns,fruit/vegetable juice,sparkling wine,hygiene articles
berries,dessert,whipped/sour cream,white bread,coffee,shopping bags
rolls/buns,long life bakery product
ice cream,long life bakery product
coffee,fruit/vegetable juice,dishes
whole milk,butter,pasta,misc. beverages
whole milk
citrus fruit,berries,butter milk,yogurt
beef,grapes,nuts/prunes,root vegetables,onions,other vegetables,cream,soft cheese,sliced cheese,hard cheese,domestic eggs,rolls/buns,pastry,mustard,specialty chocolate,specialty bar,dental care,shopping bags
pork,citrus fruit,grapes,root vegetables,whole milk,ready soups,pot plants
turkey,tropical fruit,pip fruit,root vegetables,other vegetables,curd,butter milk,yogurt,curd cheese,rice,vinegar,margarine
margarine,newspapers
butter milk,yogurt
beef,tropical fruit,onions,other vegetables,whole milk,butter,curd,butter milk,yogurt,domestic eggs,white bread,pastry,shopping bags
bottled water
pip fruit,whole milk,domestic eggs,bottled water,long life bakery product
whole milk,rice
chocolate
frankfurter,chicken,butter milk,margarine,long life bakery product
whole milk,white bread
sausage,root vegetables,domestic eggs,dish cleaner
grapes,zwieback,soda,waffles
brown bread
root vegetables,other vegetables,cream cheese ,pasta,oil,margarine,salty snack,pot plants
UHT-milk,bottled water
onions
beef,bottled water,misc. beverages,specialty chocolate,shopping bags
pork,whole milk,rolls/buns,bottled beer
canned beer,specialty chocolate,candy,shopping bags
yogurt,margarine
yogurt,whipped/sour cream,flour,margarine,sugar,baking powder,cat food,soda,fruit/vegetable juice,chocolate,hygiene articles,napkins,newspapers
pip fruit,curd,dessert,yogurt,specialty chocolate,specialty bar,newspapers,shopping bags
meat,chicken,root vegetables,whole milk,oil
coffee,misc. beverages,bottled beer
bottled water
bottled beer,liquor
sausage,whole milk,whipped/sour cream,pasta,pet care,fruit/vegetable juice
shopping bags
pork,herbs,other vegetables,yogurt,domestic eggs,specialty bar,dishes
frankfurter,other vegetables,specialty cheese,chewing gum
ice cream
root vegetables,other vegetables,spread cheese,margarine,canned beer
sausage,tropical fruit,grapes,other vegetables,processed cheese,frozen meals,domestic eggs,white bread,salty snack,newspapers
sausage,citrus fruit,pip fruit,root vegetables,other vegetables,whole milk,yogurt,whipped/sour cream,spread cheese,frozen vegetables,pastry,instant coffee,soda,fruit/vegetable juice,hygiene articles
root vegetables
canned vegetables
tropical fruit,whole milk,white bread,brown bread,misc. beverages,bottled beer
grapes,yogurt,UHT-milk,soft cheese,rolls/buns,fruit/vegetable juice,candy,dental care,newspapers,shopping bags
whole milk,pastry
frankfurter,whole milk,yogurt,domestic eggs,brown bread,margarine,fruit/vegetable juice,canned beer,shopping bags
dessert,bottled water,soda
shopping bags
butter,rolls/buns,salt
frankfurter,ham,chicken,whole milk,butter,processed cheese,frozen vegetables,white bread,pastry,soda,fruit/vegetable juice,red/blush wine,chocolate,pot plants
pork,ice cream,soda,cake bar
whole milk,rolls/buns,roll products ,zwieback,bottled beer
brown bread
frozen fish,canned beer,red/blush wine
soda,misc. beverages
whole milk,frozen vegetables
pork,hamburger meat,pip fruit,grapes,root vegetables,other vegetables,whole milk,yogurt,cream cheese ,frozen dessert,sugar,meat spreads,soda,fruit/vegetable juice
whipped/sour cream
frankfurter,pip fruit,root vegetables,curd,yogurt,UHT-milk,white bread,pastry,instant coffee,waffles,dish cleaner
grapes,other vegetables,whole milk,butter,toilet cleaner,newspapers
sausage,grapes,butter,curd,yogurt,whipped/sour cream,beverages,UHT-milk,sliced cheese,processed cheese,rolls/buns,pastry,chocolate
citrus fruit,white bread,liquor,specialty bar,shopping bags
ham,butter,yogurt,hard cheese,ice cream,domestic eggs,misc. beverages,fruit/vegetable juice
chewing gum
beef
beef,tropical fruit,pip fruit,grapes,root vegetables,processed cheese,rolls/buns,white bread,pastry,pasta,specialty vegetables,cat food,soda,misc. beverages
other vegetables,whole milk,yogurt,specialty cheese,cereals,bottled beer,long life bakery product
frankfurter,sausage,ham,other vegetables,domestic eggs,rolls/buns,pastry,long life bakery product,specialty bar,chocolate marshmallow
canned fish
sausage,other vegetables,whole milk,sliced cheese,white bread,baking powder,pickled vegetables,rum
bottled water,soda,fruit/vegetable juice,long life bakery product,chewing gum,candy
specialty cheese
bottled water,soda
bottled water,soda,chewing gum
chicken,beef,whole milk,curd,brown bread,pastry,sauces,pickled vegetables,bottled water,soda,salty snack,waffles,specialty bar,napkins,light bulbs
frankfurter,tropical fruit,dessert,pastry,flour,margarine,sugar,artif. sweetener,sauces,rum,skin care
chicken,citrus fruit,root vegetables,other vegetables,whole milk,yogurt,hard cheese,processed cheese,mayonnaise,frozen vegetables,pastry,roll products ,rice,margarine,sugar,pickled vegetables,bottled water,fruit/vegetable juice,candy,skin care,napkins
chicken,tropical fruit,whole milk,condensed milk,soft cheese,processed cheese,domestic eggs,white bread,pastry,semi-finished bread,soda,long life bakery product,waffles,specialty chocolate,napkins,dishes,kitchen towels,shopping bags
butter,rolls/buns,pastry,bottled water,canned beer,waffles
citrus fruit,root vegetables,dessert,yogurt,UHT-milk,brown bread
whipped/sour cream,beverages,liquor (appetizer)
frankfurter,turkey,citrus fruit
beef,citrus fruit,other vegetables,whole milk,domestic eggs,rolls/buns,brown bread,coffee,soda,salty snack,shopping bags
chicken,other vegetables,white wine,specialty chocolate
sausage,finished products,tropical fruit,pip fruit,other vegetables,butter,curd,dessert,butter milk,yogurt,whipped/sour cream,soft cheese,frozen vegetables,rolls/buns,white bread,brown bread,pastry,pasta,soups,baby food,fruit/vegetable juice,salty snack,waffles,cake bar,chocolate,shopping bags
citrus fruit,whole milk,butter,dessert,UHT-milk,flower (seeds),shopping bags
ice cream,coffee,waffles
specialty chocolate
frankfurter,herbs,yogurt,UHT-milk,mayonnaise,frozen vegetables,margarine,bottled water,soda,salty snack,seasonal products,detergent,pot plants
pork
UHT-milk,vinegar,waffles,chocolate
UHT-milk,domestic eggs,brown bread,coffee,soda,canned beer,liquor (appetizer),newspapers
cookware
citrus fruit,butter,UHT-milk,margarine,bottled beer
sausage,hamburger meat,tropical fruit,onions,other vegetables,butter,yogurt,white bread,brown bread,margarine,cat food
frankfurter,root vegetables,other vegetables,domestic eggs,rolls/buns,pastry,soups,Instant food products,bottled water
citrus fruit,yogurt,UHT-milk,cream cheese ,dish cleaner,house keeping products,shopping bags
ham,whole milk,processed cheese,white bread,semi-finished bread,bottled water,soda,fruit/vegetable juice,popcorn,chewing gum,shopping bags
ham,chicken,citrus fruit,pip fruit,herbs,other vegetables,butter,napkins
bottled water,canned beer
popcorn,candy
tropical fruit,pip fruit,other vegetables,cream cheese ,soda,bottled beer
frankfurter,sausage,UHT-milk,frozen meals,frozen dessert,domestic eggs,rolls/buns,pastry,mustard,coffee
hamburger meat,citrus fruit,packaged fruit/vegetables,rolls/buns,vinegar,cocoa drinks,specialty chocolate
soda,candy
sausage,root vegetables,rolls/buns,bottled water,white wine,flower (seeds)
yogurt,sliced cheese,frozen vegetables,frozen meals,pickled vegetables,coffee,instant coffee
meat,other vegetables,whole milk,yogurt,soft cheese,sliced cheese,domestic eggs,margarine,cat food,pet care,coffee,bottled beer,red/blush wine,dish cleaner,napkins,kitchen towels
red/blush wine
UHT-milk,instant coffee
brown bread
semi-finished bread
whole milk,soda,misc. beverages,shopping bags
cat food,dish cleaner,shopping bags
citrus fruit,tropical fruit,pip fruit,grapes,root vegetables,other vegetables,whole milk,curd,dessert,whipped/sour cream,UHT-milk,frozen vegetables,frozen meals,bottled water,fruit/vegetable juice,specialty chocolate,napkins
citrus fruit,other vegetables,butter,soda,bottled beer,canned beer,waffles,chocolate,seasonal products
meat,other vegetables,packaged fruit/vegetables,cream cheese ,margarine,bottled water,salty snack
rolls/buns
root vegetables,whipped/sour cream,salt,fruit/vegetable juice,salty snack
tropical fruit,other vegetables,whole milk,curd,whipped/sour cream,bottled beer
brown bread,oil,sugar,soda,bottled beer
shopping bags
grapes,brown bread,bottled beer,white wine
ham,tropical fruit,cream cheese ,processed cheese,white bread,candy
root vegetables,skin care
ice cream,misc. beverages,canned beer,napkins,shopping bags
tropical fruit,other vegetables,bottled water,bottled beer,napkins
finished products,other vegetables,soda,fruit/vegetable juice
dessert
sparkling wine
other vegetables,yogurt,oil,dental care
misc. beverages
other vegetables,nut snack
misc. beverages
dessert,yogurt,UHT-milk,soda,canned beer,light bulbs
frankfurter,tropical fruit,cream cheese ,rolls/buns,fruit/vegetable juice,kitchen towels,newspapers
sausage,citrus fruit,pip fruit,yogurt,beverages,sliced cheese,sugar,bottled water,soda,cake bar
meat,citrus fruit,root vegetables,other vegetables,whipped/sour cream,semi-finished bread,salty snack
sausage,yogurt,pastry,margarine,soda,bottled beer,flower (seeds)
onions
beef,citrus fruit,onions,herbs,other vegetables,whole milk,yogurt,whipped/sour cream,specialty cheese,brown bread,canned vegetables,bottled water,dish cleaner,abrasive cleaner,hygiene articles
pip fruit,other vegetables,butter,yogurt,whipped/sour cream,brown bread,pastry,fruit/vegetable juice,detergent
ham,hamburger meat,onions,other vegetables,processed cheese,frozen vegetables,domestic eggs,rolls/buns,white bread,cookware,shopping bags
yogurt,newspapers
citrus fruit,grapes,curd,bottled water,waffles
other vegetables,sugar
pork,frozen meals,frozen fish,shopping bags
bathroom cleaner
ham,grapes,spread cheese,ice cream,frozen potato products,white bread,oil,pudding powder
grapes,specialty cheese,pasta,coffee,bottled water,soda,canned beer,brandy,white wine
pastry
citrus fruit,bottled water,red/blush wine,photo/film
photo/film
dessert,white bread
citrus fruit,tropical fruit,pip fruit,long life bakery product
soda
chewing gum
root vegetables,sliced cheese,soda,bottled beer
pork,other vegetables
turkey,whole milk,UHT-milk,fruit/vegetable juice
tropical fruit,other vegetables,soda,candy,shopping bags
sausage,other vegetables,pasta,oil,margarine,coffee,syrup,canned beer,napkins,light bulbs,shopping bags
sausage,meat,other vegetables,brown bread,canned fish,bottled water,canned beer,liquor (appetizer),shopping bags
pork,tropical fruit,other vegetables,dessert,yogurt,roll products ,flour,rice,coffee,bottled water,soda,fruit/vegetable juice,canned beer,salty snack
sausage,citrus fruit,pip fruit,mayonnaise,brown bread,shopping bags
grapes,chocolate,light bulbs
grapes,pastry,salty snack,light bulbs,shopping bags
other vegetables,yogurt,processed cheese,ketchup,bottled water,male cosmetics
pot plants
bottled water,pot plants
prosecco,hygiene articles,pot plants
UHT-milk,soda,dish cleaner,napkins
bottled water,soda,chewing gum,specialty chocolate,candy
rolls/buns,canned fish,canned beer
specialty chocolate
beef,other vegetables,butter milk,yogurt,whipped/sour cream,cream cheese ,white bread,fruit/vegetable juice,bottled beer,chocolate
tropical fruit,pasta,bottled water
beef,root vegetables,other vegetables,butter,yogurt,rolls/buns,flour
rolls/buns,white wine
berries,root vegetables,whipped/sour cream,roll products ,bottled beer
sausage,hamburger meat,whole milk,rolls/buns,oil,pickled vegetables,softener,hygiene articles
chicken,pork,beef,whole milk,curd,whipped/sour cream
sausage,citrus fruit,whole milk,cream cheese ,processed cheese,frozen vegetables,rolls/buns,pastry,fruit/vegetable juice,chewing gum
shopping bags
canned beer
soda,canned beer
yogurt,UHT-milk,rolls/buns
rolls/buns,red/blush wine,newspapers
rolls/buns,coffee
whole milk,brown bread
citrus fruit,root vegetables,other vegetables,whole milk,curd,yogurt,whipped/sour cream,hard cheese,cream cheese ,domestic eggs,flour,rice,oil,margarine,sugar
citrus fruit,tropical fruit,grapes,whole milk,brown bread,pastry
brown bread,chocolate
tropical fruit,other vegetables,whipped/sour cream,UHT-milk,frozen vegetables,oil,margarine,fruit/vegetable juice,kitchen towels
frankfurter,tropical fruit,butter,whipped/sour cream,frozen vegetables,rolls/buns,sugar,baking powder,bottled water,misc. beverages,long life bakery product,newspapers
coffee
ham,rolls/buns,bottled beer,chewing gum
other vegetables,curd,yogurt,pickled vegetables,bottled water
sausage,whole milk,curd,butter milk,whipped/sour cream
pork,whole milk,margarine,soda,canned beer,newspapers
citrus fruit,yogurt,whipped/sour cream,soda,cookware
tropical fruit,whole milk,domestic eggs,pastry,hygiene articles
other vegetables,yogurt,cream cheese 
pork,whole milk,sugar,soda,long life bakery product,chocolate
chicken,pork,pip fruit,other vegetables,whole milk,tidbits,frozen fish,rolls/buns,margarine,baking powder,soda,bottled beer,white wine,waffles,chocolate,candy
root vegetables,whole milk,yogurt,rolls/buns,pot plants
citrus fruit,cake bar,baby cosmetics,shopping bags
fruit/vegetable juice
beef,tropical fruit,whole milk,ice cream,cat food
frankfurter,sausage,liver loaf,ham,chicken,beef,citrus fruit,tropical fruit,root vegetables,other vegetables,whole milk,butter,curd,yogurt,whipped/sour cream,beverages,soft cheese,hard cheese,cream cheese ,mayonnaise,domestic eggs,rolls/buns,roll products ,flour,pasta,margarine,specialty fat,sugar,soups,skin care,hygiene articles,candles
frankfurter,pip fruit,other vegetables,yogurt,spread cheese,rolls/buns,white bread,pastry,coffee,soda,waffles,hygiene articles
beef,hamburger meat,other vegetables,rolls/buns,brown bread,bottled water,soda,bottled beer,canned beer
ham,pork,hamburger meat,pip fruit,other vegetables,whole milk,butter,curd,dessert,butter milk,whipped/sour cream,domestic eggs,brown bread,roll products ,hygiene articles
shopping bags
pork,root vegetables,other vegetables,specialty fat,sugar,baking powder,cat food,salty snack,waffles,shopping bags
condensed milk,bottled water,misc. beverages,bottled beer,bathroom cleaner
chicken,bottled beer,red/blush wine,newspapers
sausage,meat,butter,domestic eggs,cat food
bottled beer,pot plants
chicken,pork,grapes,other vegetables,domestic eggs,rolls/buns,pastry,soda,specialty bar
finished products,other vegetables,whole milk,whipped/sour cream,margarine,cereals,soda,salty snack
pork,beef,citrus fruit,berries,root vegetables,other vegetables,whole milk,yogurt,cream cheese ,vinegar,oil,cat food,specialty chocolate,detergent,dish cleaner,abrasive cleaner,cleaner,hygiene articles,shopping bags
root vegetables,whole milk,yogurt,frozen potato products
domestic eggs,seasonal products,shopping bags
domestic eggs,specialty bar,seasonal products,shopping bags
bottled water,soda
cling film/bags
other vegetables,rolls/buns,bottled water,fruit/vegetable juice,canned beer,whisky,shopping bags
whole milk
sausage,meat,pork,whole milk,butter,whipped/sour cream,frozen vegetables,frozen dessert,white bread,brown bread,pastry,coffee
sausage,mayonnaise,rolls/buns,canned beer,shopping bags
tropical fruit,sliced cheese,domestic eggs,zwieback
frankfurter,beef,tropical fruit,pip fruit,butter,yogurt,dog food,long life bakery product,cookware,newspapers
frozen potato products,pot plants
frankfurter,sausage,packaged fruit/vegetables,soda
frankfurter,other vegetables,zwieback
chicken,tropical fruit,pip fruit,root vegetables,herbs,other vegetables,dessert,yogurt,whipped/sour cream,beverages,brown bread,cat food,shopping bags
tropical fruit,pip fruit,other vegetables,whole milk,napkins,dishes,flower (seeds)
bottled beer
citrus fruit,grapes,rolls/buns,pastry,coffee,soda
hamburger meat,pip fruit,whole milk,curd,beverages,brandy,male cosmetics,cookware,shopping bags
chicken,berries,mayonnaise,frozen vegetables,salty snack,newspapers
pork
rolls/buns
bottled water
sausage,tropical fruit,whole milk,yogurt,processed cheese,pastry,margarine,Instant food products,coffee,popcorn,house keeping products
frozen potato products,bottled water,soda
frankfurter,whole milk,whipped/sour cream,curd cheese,domestic eggs,margarine,baking powder,cat food,bottled water,canned beer,candy,napkins
sausage,root vegetables,other vegetables,whole milk,butter,whipped/sour cream,processed cheese,sugar,baking powder,jam,coffee,bottled water,soda,fruit/vegetable juice,salty snack,long life bakery product,candy,napkins
tropical fruit,dessert,sweet spreads,fruit/vegetable juice
bottled beer
bottled beer
rolls/buns,brown bread
citrus fruit,tropical fruit,whole milk,coffee
yogurt,softener
turkey,pork,beef,hamburger meat,tropical fruit,root vegetables,onions,other vegetables,whole milk,butter,butter milk,yogurt,rolls/buns,oil,fruit/vegetable juice,waffles,candy
soda,softener
canned beer
canned beer
sausage,other vegetables,whole milk
pork,root vegetables,whole milk,curd,whipped/sour cream,rolls/buns,white bread,canned vegetables,soda,cleaner
Instant food products
frankfurter,sausage,tropical fruit,whole milk,yogurt,pastry,sugar,bottled water,soda,fruit/vegetable juice
oil,dental care,newspapers
chicken,hamburger meat,other vegetables,rolls/buns,shopping bags
beef,domestic eggs,rolls/buns,flour,candy
dessert,UHT-milk,bottled water,soda,canned beer,chewing gum,softener,shopping bags
pork,citrus fruit,other vegetables,domestic eggs,margarine,canned beer
curd,whipped/sour cream,flour,baking powder,newspapers
chicken,red/blush wine
whipped/sour cream
frankfurter,ham,root vegetables,onions,whole milk,yogurt,rolls/buns,white bread,brown bread,margarine
frankfurter,root vegetables,rolls/buns,pastry,mustard,bottled beer,shopping bags
liver loaf,root vegetables,pet care,waffles,chocolate
pork,root vegetables,onions,other vegetables,whole milk,napkins,shopping bags
frankfurter,liver loaf,turkey,UHT-milk,pasta,waffles,chocolate,dental care,dishes
pork,citrus fruit,root vegetables,other vegetables,whole milk,butter,soda,dishes,newspapers,flower (seeds)
pork,tropical fruit,root vegetables,onions,other vegetables,whole milk,butter,whipped/sour cream,soft cheese,sliced cheese,ice cream,semi-finished bread,soda,newspapers
soda
root vegetables,rolls/buns,margarine,soda,bottled beer
whipped/sour cream,beverages,fruit/vegetable juice,chocolate
chocolate
whole milk,frozen vegetables,specialty chocolate
pork,beef,whole milk,curd,rolls/buns,pastry
coffee,shopping bags
rolls/buns,waffles
citrus fruit,other vegetables,whole milk,yogurt,hard cheese,specialty cheese,rolls/buns,flour,cat food
citrus fruit,yogurt,brown bread,pasta
soda,chocolate,specialty chocolate,newspapers,shopping bags
cream cheese ,rolls/buns
soda
chicken,whipped/sour cream,coffee,shopping bags
frozen fish
sausage,meat,chicken,root vegetables,other vegetables,whole milk,salt,salty snack
beef,berries,other vegetables,white bread,shopping bags
ham,whole milk,hard cheese,frozen meals,rolls/buns,rice,soups,baking powder,canned vegetables,bottled beer,female sanitary products
chicken,pork,root vegetables,onions,packaged fruit/vegetables,butter,hard cheese,salt,bottled water,bottled beer
herbs,other vegetables,whole milk,butter,white bread,margarine,misc. beverages,hygiene articles,shopping bags
grapes,root vegetables
tropical fruit,pip fruit,whole milk,chewing gum,chocolate
frankfurter,meat,tropical fruit,berries,other vegetables,whole milk,whipped/sour cream,domestic eggs,margarine,ketchup,misc. beverages,canned beer,salty snack
onions,other vegetables,rolls/buns,salt,chocolate,specialty bar,shopping bags
sausage,organic sausage,citrus fruit,berries,yogurt,whipped/sour cream,domestic eggs,rolls/buns,canned vegetables,salty snack,newspapers
citrus fruit,other vegetables,soft cheese,rolls/buns,pastry,canned beer,newspapers
hamburger meat,pastry,soda,canned beer,detergent,softener,hygiene articles,shopping bags
frankfurter,root vegetables,other vegetables,whole milk,whipped/sour cream,sliced cheese,frozen meals,frozen dessert,flour,sugar,coffee,cleaner,shopping bags
sausage,pork
root vegetables,other vegetables,yogurt
oil,dish cleaner,newspapers
canned beer
newspapers
pip fruit,root vegetables,other vegetables,whole milk,chewing gum,kitchen towels
coffee
red/blush wine,specialty chocolate
onions,vinegar,pet care,specialty bar
frankfurter,berries,other vegetables,whole milk,soft cheese,domestic eggs,rolls/buns,brown bread,pastry,shopping bags
meat,beef,tropical fruit,pip fruit,berries,other vegetables,whole milk,white bread,brown bread,sugar,detergent
whole milk,canned fish,soda,bottled beer,hygiene articles,candles
dessert,dishes
hamburger meat,baking powder,sweet spreads
chewing gum,napkins,dishes
bottled water,fruit/vegetable juice,bottled beer,prosecco
beverages,pastry,long life bakery product,chocolate marshmallow
whole milk,yogurt,frozen meals,sugar,coffee,bottled water,fruit/vegetable juice,bottled beer,salty snack
citrus fruit,pip fruit,grapes,other vegetables,dessert,butter milk,yogurt,domestic eggs,flour,oil,sugar,ketchup,detergent,dish cleaner
tropical fruit,whole milk,hard cheese,rolls/buns,cat food,bottled water,dish cleaner
cat food,soda
whole milk,beverages,pastry,soda
soda,fruit/vegetable juice
sausage,yogurt,salty snack
root vegetables,whole milk,butter,yogurt,whipped/sour cream,soft cheese,cream cheese ,domestic eggs,brown bread,jam,misc. beverages,fruit/vegetable juice,napkins,pot plants
berries,other vegetables,butter milk,yogurt,soda,newspapers
other vegetables
sausage,pip fruit,root vegetables,bottled beer,abrasive cleaner,light bulbs
beverages,bottled water,misc. beverages
chicken,root vegetables,roll products ,vinegar,shopping bags
whole milk,yogurt,chocolate
sausage,hard cheese,rolls/buns,canned vegetables,dog food
ham,hamburger meat,citrus fruit,root vegetables,onions,other vegetables,whole milk,white bread,brown bread,sugar,soda,red/blush wine,dishes,shopping bags
whole milk,brown bread
root vegetables,onions,whole milk,bottled water,dishes
citrus fruit,frozen potato products
frankfurter,chicken,butter,dessert,butter milk,ice cream,pastry,oil,margarine,soda,salty snack,chocolate,chocolate marshmallow,detergent,hygiene articles,napkins,pot plants
ice cream,salty snack,waffles
sausage,ham,meat,chicken,tropical fruit,other vegetables,whole milk,butter,yogurt,cream cheese ,frozen vegetables,domestic eggs,rolls/buns,brown bread,semi-finished bread,candy,newspapers
root vegetables,fruit/vegetable juice,long life bakery product,pot plants
ham,tropical fruit,grapes,onions,other vegetables,yogurt,whipped/sour cream,soft cheese,sliced cheese,frozen vegetables,white bread,pastry,semi-finished bread,oil,cat food,bottled water,fruit/vegetable juice,detergent,house keeping products
coffee
citrus fruit,frozen meals,canned beer,red/blush wine,salty snack
pot plants
other vegetables,chocolate
whole milk,white bread,pastry
zwieback,oil,mustard,chocolate
chicken,other vegetables,whole milk,domestic eggs,pastry,canned beer
butter,yogurt,dog food
ham,dessert,frozen meals,frozen dessert,white bread,sweet spreads,soda,long life bakery product,specialty bar,hygiene articles,newspapers,shopping bags
whole milk,butter milk,soda,chewing gum,shopping bags
citrus fruit,misc. beverages,liquor,cling film/bags
ham,herbs,other vegetables,curd,yogurt,cream cheese ,light bulbs
canned beer
frankfurter,packaged fruit/vegetables,brown bread,margarine,waffles
chicken,tropical fruit,candy,shopping bags
frankfurter,bottled beer
bottled beer
other vegetables,cream cheese ,coffee,dishes
frozen potato products
chicken,whole milk
sausage,meat,grapes,other vegetables,yogurt,soft cheese,domestic eggs,rolls/buns,margarine,soda,chocolate
canned beer
yogurt,chocolate
frozen meals,pet care,soda
canned fruit,meat spreads,bottled water
butter,waffles,chocolate
yogurt,pastry,semi-finished bread,soda,shopping bags
citrus fruit,whole milk,soft cheese,canned beer
meat,yogurt
root vegetables,butter,frozen vegetables,salty snack
frankfurter,sausage,whole milk,butter,dessert,pastry,fruit/vegetable juice
tropical fruit,other vegetables,packaged fruit/vegetables,whole milk,frozen meals,white bread,instant coffee,soda,female sanitary products,newspapers,pot plants,shopping bags
yogurt,sugar,instant coffee
root vegetables,other vegetables,white bread,sparkling wine
yogurt,rolls/buns,pastry,soda
oil
citrus fruit,pip fruit,grapes,berries,soft cheese,rolls/buns,oil,shopping bags
beef,root vegetables,whole milk,butter milk,yogurt,beverages,cream cheese ,sweet spreads,soda,chocolate
citrus fruit,onions,other vegetables,whole milk,cream cheese ,domestic eggs,sugar,bottled water,bottled beer,long life bakery product,seasonal products,napkins
dessert,misc. beverages
curd,jam,shopping bags
bottled water
sausage,domestic eggs,coffee,soda
herbs
dog food,soda,fruit/vegetable juice,bottled beer
packaged fruit/vegetables,whole milk,pastry,bottled water,soda,misc. beverages,chewing gum,specialty bar,hygiene articles,pot plants,shopping bags
frankfurter,pork,specialty fat,specialty bar
finished products,beef,tropical fruit,spread cheese,rolls/buns,waffles,chocolate,specialty chocolate,hair spray,shopping bags
oil
curd
herbs,pot plants
sausage,other vegetables,sliced cheese,rolls/buns,coffee,soda,shopping bags
whole milk,sugar,pudding powder
sausage,waffles
soda
whole milk,bottled water,soda,canned beer
root vegetables,whole milk,brown bread,brandy,detergent,dish cleaner,female sanitary products,napkins,shopping bags
sugar
cream cheese ,dishes
other vegetables,misc. beverages,long life bakery product,chocolate,candy,shopping bags
frozen fruits,detergent
whipped/sour cream
yogurt
pork,beef,other vegetables,yogurt,shopping bags
grapes,butter,domestic eggs,salt,sugar,baking powder
whole milk,soda
sausage,ham,citrus fruit,grapes,berries,butter milk,frozen meals,domestic eggs,cat food,coffee,bottled water,soda,fruit/vegetable juice,waffles,hygiene articles
canned beer
meat,hamburger meat,spices,coffee
soda
bottled beer
whole milk,yogurt
chicken,whole milk
pip fruit
pork,UHT-milk,rolls/buns,margarine
oil
whole milk,shopping bags
pip fruit,root vegetables,whole milk,rolls/buns,pastry,coffee,chocolate
root vegetables,coffee,detergent
ham,whole milk,curd,dessert
ice cream,soda,bottled beer,chocolate marshmallow
sausage,whole milk,brown bread,soda
detergent
oil,female sanitary products,cling film/bags
tropical fruit,pip fruit,grapes,ice cream,frozen potato products,rolls/buns,pastry,soda,misc. beverages,salty snack,long life bakery product,chewing gum,specialty bar,napkins,photo/film
photo/film
UHT-milk,coffee
meat,bottled beer,shopping bags
grapes,root vegetables,whole milk,butter,whipped/sour cream,condensed milk,roll products ,oil,bottled water,fruit/vegetable juice
liver loaf,tropical fruit,pip fruit,grapes,whole milk,curd,whipped/sour cream,frozen vegetables,baking powder
beef,root vegetables,other vegetables,soda,bottled beer,hygiene articles
root vegetables,whole milk,butter,domestic eggs,flour,oil,sugar,baking powder,white wine,specialty chocolate,shopping bags
pork,brown bread,bottled water,fruit/vegetable juice
butter milk,shopping bags
brown bread,specialty chocolate,shopping bags
herbs,curd,roll products ,vinegar,canned beer,newspapers
newspapers
brandy
pastry,sugar,bottled beer,long life bakery product,shopping bags
beverages,soda,chocolate
UHT-milk
cream cheese ,pasta,jam,sweet spreads,coffee,soda,chocolate
rolls/buns,liquor,red/blush wine
rolls/buns
rolls/buns,bottled water
sausage,whole milk,brown bread,pastry
hard cheese,rolls/buns,soda,shopping bags
canned beer
canned beer
citrus fruit,tropical fruit,berries,yogurt,cream cheese ,brown bread,meat spreads
yogurt
yogurt,beverages,rolls/buns,fruit/vegetable juice,pot plants
salty snack
tropical fruit,frozen vegetables
citrus fruit,other vegetables,whole milk,butter,frozen vegetables,rolls/buns,brown bread,fruit/vegetable juice,cleaner
